<?xml version="1.0" encoding="UTF-8"?>
<project-private xmlns="http://www.netbeans.org/ns/project-private/1">
    <editor-bookmarks xmlns="http://www.netbeans.org/ns/editor-bookmarks/2" lastBookmarkId="0"/>
    <open-files xmlns="http://www.netbeans.org/ns/projectui-open-files/2">
        <group>
            <file>file:/D:/PC_CD/VID/Apr_Aut/UIS_Min_Tic_2022_Programar/Ciclo_2/Java_2022_2_2511_H29_Presencial/MinTic2022_UIS_Ciclo_2_Java_062022/Reto_05_02/src/persistencia/ConexionBD.java</file>
            <file>file:/D:/PC_CD/VID/Apr_Aut/UIS_Min_Tic_2022_Programar/Ciclo_2/Java_2022_2_2511_H29_Presencial/MinTic2022_UIS_Ciclo_2_Java_062022/Reto_05_02/src/presentacion/Producto_Vista.java</file>
            <file>file:/D:/PC_CD/VID/Apr_Aut/UIS_Min_Tic_2022_Programar/Ciclo_2/Java_2022_2_2511_H29_Presencial/MinTic2022_UIS_Ciclo_2_Java_062022/Reto_05_02/src/logica/Producto.java</file>
        </group>
    </open-files>
</project-private>
